[
{"\u7f51\u5740": "\t\t\t,www.harvard.edu,\t\t\t", "\u6210\u7acb\u5e74\u4efd": "\t\t\t,1636*(1),\t\t\t", "\u57ce\u5e02": "\t\t\t,\u5251\u6865\uff08\u9a6c\u8428\u8bf8\u585e\u5dde\uff09,\t\t\t", "\u7814\u7a76\u751f\u4eba\u6570": "\t\t\t,\u224814,500*(3),\t\t\t", "\u6821\u56ed": "\t\t\t,\u603b\u9762\u79ef20.6Km,2,\uff0c\u5e02\u533a,\t\t\t,\u5176\u4e2d\u6838\u5fc3\u6821\u533a0.85 Km,2,*(1),\t\t\t", "\u5b66\u6821\u96c6\u56e2": "\t\t\t,\u7f8e\u56fd\u5927\u5b66\u534f\u4f1a,\uff08AAU\uff09,\t\t\t,\u5e38\u6625\u85e4\u76df\u6821,\t\t\t,\u6b96\u6c11\u5730\u5b66\u9662,\t\t\t", "\u8ba4\u8bc1\u673a\u6784": "\t\t\t,\u65b0\u82f1\u683c\u5170\u5b66\u6821\u53ca\u5b66\u9662\u534f\u4f1a,\uff08NEACS\uff09,\t\t\t", "\u56fd\u5bb6": "\t\t\t,\u7f8e\u56fd,\t\t\t", "\u5b66\u6821\u5206\u7c7b": "\t\t\t,\u5168\u56fd\u6027\u5927\u5b66,\t\t\t", "\u5b97\u6559\u4fe1\u4ef0": "\t\t\t,\u65e0,\t\t\t", "\u6c49\u8bd1": "\t\t\t,\u771f\u7406,\t\t\t", "title": "\u54c8\u4f5b\u5927\u5b66 ", "num": 1, "\u5e08\u751f\u6bd4": "\t\t\t,1:6*(4),\t\t\t", "\u5b66\u751f\u4eba\u6570": "\t\t\t,10,803,\t\t\t", "\u6392\u540d": "\t\t\t,2*(2),\t\t\t", "\u6027\u8d28": "\t\t\t,\u79c1\u7acb\uff0c\u7537\u5973\u5408\u6821,\t\t\t", "\u672c\u79d1\u751f\u4eba\u6570": "\t\t\t,\u22486,700*(3),\t\t\t", "\u56fd\u9645\u5b66\u751f\u6bd4\u4f8b": "\t\t\t,\u672c\u79d1\uff1a12%*(4),\t\t\t", "\u5dde\u7701": "\t\t\t,\u9a6c\u8428\u8bf8\u585e\u5dde,\t\t\t", "\u6821\u8bad": "\t\t\t,Veritas (Truth),\t\t\t"},
{"\u7f51\u5740": "\t\t\t,www.stanford.edu,\t\t\t", "\u5b66\u6821\u5206\u7c7b": "\t\t\t,\u5168\u56fd\u6027\u5927\u5b66,\t\t\t", "\u7814\u7a76\u751f\u4eba\u6570": "\t\t\t,9,771*(3),\t\t\t", "\u6821\u56ed": "\t\t\t,33.1Km,2,\uff0c\u5e02\u533a*(1),\t\t\t", "\u5b66\u6821\u96c6\u56e2": "\t\t\t,\u7f8e\u56fd\u5927\u5b66\u534f\u4f1a,\uff08AAU\uff09,\t\t\t,\u592a\u5e73\u6d0b\u5341\u4e8c\u6821\u8054\u76df,\uff08Pacific-12\uff09,\t\t\t,\u9690\u85cf\u5e38\u6625\u85e4,\t\t\t,\u73af\u592a\u5e73\u6d0b\u5927\u5b66\u8054\u76df,\uff08APRU\uff09*(1),\t\t\t", "\u56fd\u5bb6": "\t\t\t,\u7f8e\u56fd,\t\t\t", "\u5b97\u6559\u4fe1\u4ef0": "\t\t\t,\u65e0,\t\t\t", "\u6027\u8d28": "\t\t\t,\u79c1\u7acb\uff0c\u7537\u5973\u5408\u6821,\t\t\t", "\u82f1\u8bd1": "\t\t\t,The wind of freedom blows,\t\t\t", "\u56fd\u9645\u5b66\u751f\u6bd4\u4f8b": "\t\t\t,\u672c\u79d1\uff1a8.8%\uff1b\u7814\u7a76\u751f\uff1a33.5%*(3),\t\t\t", "\u57ce\u5e02": "\t\t\t,\u65af\u5766\u798f,\t\t\t", "\u6210\u7acb\u5e74\u4efd": "\t\t\t,1891*(1),\t\t\t", "title": "\u65af\u5766\u798f\u5927\u5b66 ", "\u8ba4\u8bc1\u673a\u6784": "\t\t\t,\u897f\u90e8\u5b66\u6821\u53ca\u5b66\u9662\u534f\u4f1a,\uff08WASC\uff09*(3),\t\t\t", "\u6c49\u8bd1": "\t\t\t,\u8ba9\u81ea\u7531\u4e4b\u98ce\u52b2\u5439,\t\t\t", "\u5e08\u751f\u6bd4": "\t\t\t,1:4*(4),\t\t\t", "num": 3, "\u5dde\u7701": "\t\t\t,\u52a0\u5229\u798f\u5c3c\u4e9a\u5dde,\t\t\t", "\u5b66\u751f\u4eba\u6570": "\t\t\t,16,770,\t\t\t", "\u6392\u540d": "\t\t\t,5*(2),\t\t\t", "\u672c\u79d1\u751f\u4eba\u6570": "\t\t\t,6,999*(3),\t\t\t", "\u6821\u8bad": "\t\t\t,Die Luft der Freiheit weht,\t\t\t"},
{"\u7f51\u5740": "\t\t\t,www.,mit,.edu,\t\t\t", "\u6210\u7acb\u5e74\u4efd": "\t\t\t,1861*(1),\t\t\t", "\u57ce\u5e02": "\t\t\t,\u5251\u6865,\t\t\t", "\u7814\u7a76\u751f\u4eba\u6570": "\t\t\t,6,804*(7),\t\t\t", "\u6821\u56ed": "\t\t\t,0.68Km,2,\uff0c\u5e02\u533a*(1),\t\t\t", "\u5b66\u6821\u96c6\u56e2": "\t\t\t,\u7f8e\u56fd\u5927\u5b66\u534f\u4f1a,\uff08AAU\uff09,\t\t\t", "\u8ba4\u8bc1\u673a\u6784": "\t\t\t,\u65b0\u82f1\u683c\u5170\u5b66\u6821\u53ca\u5b66\u9662\u534f\u4f1a,\uff08NEACS\uff09,\t\t\t", "\u56fd\u5bb6": "\t\t\t,\u7f8e\u56fd,\t\t\t", "\u5b66\u6821\u5206\u7c7b": "\t\t\t,\u5168\u56fd\u6027\u5927\u5b66,\t\t\t", "\u5b97\u6559\u4fe1\u4ef0": "\t\t\t,\u65e0,\t\t\t", "\u6c49\u8bd1": "\t\t\t,\u7406\u8bba\u4e0e\u5b9e\u8df5\u5e76\u91cd,\t\t\t", "title": "\u9ebb\u7701\u7406\u5de5\u5b66\u9662 ", "num": 2, "\u5e08\u751f\u6bd4": "\t\t\t,1:8*(7),\t\t\t", "\u5b66\u751f\u4eba\u6570": "\t\t\t,11,331,\t\t\t", "\u6392\u540d": "\t\t\t,5*(6),\t\t\t", "\u6027\u8d28": "\t\t\t,\u79c1\u7acb\uff0c\u7537\u5973\u5408\u6821,\t\t\t", "\u672c\u79d1\u751f\u4eba\u6570": "\t\t\t,4,527*(7),\t\t\t", "\u56fd\u9645\u5b66\u751f\u6bd4\u4f8b": "\t\t\t,\u672c\u79d1\uff1a9.7%*(7),\t\t\t,\u7814\u7a76\u751f\uff1a41.9%*(7),\t\t\t", "\u5dde\u7701": "\t\t\t,\u9a6c\u8428\u8bf8\u585e\u5dde,\t\t\t", "\u6821\u8bad": "\t\t\t,Mens et Manus (\u62c9\u4e01\u6587),\t\t\t"},
{"\u7f51\u5740": "\t\t\t,www.berkeley.edu,\t\t\t", "\u6210\u7acb\u5e74\u4efd": "\t\t\t,1868*(1),\t\t\t", "\u57ce\u5e02": "\t\t\t,\u4f2f\u514b\u5229,\t\t\t", "\u7814\u7a76\u751f\u4eba\u6570": "\t\t\t,10,708*(5),\t\t\t", "\u6821\u56ed": "\t\t\t,4.99Km,2,\uff0c\u5e02\u533a*(1),\t\t\t", "\u5b66\u6821\u96c6\u56e2": "\t\t\t,\u52a0\u5dde\u5927\u5b66\u7cfb\u7edf,\uff08UC\uff09,\t\t\t,\u7f8e\u56fd\u5927\u5b66\u534f\u4f1a,\uff08AAU\uff09,\t\t\t,\u516c\u7acb\u5e38\u6625\u85e4,\uff08Public Ivy\uff09,\t\t\t,\u56fd\u9645\u7814\u7a76\u578b\u5927\u5b66\u8054\u76df,\uff08IARU\uff09,\t\t\t,\u592a\u5e73\u6d0b\u5341\u4e8c\u6821\u8054\u76df,\uff08Pac-12\uff09*(1),\t\t\t", "\u8ba4\u8bc1\u673a\u6784": "\t\t\t,\u897f\u90e8\u5b66\u6821\u53ca\u5b66\u9662\u534f\u4f1a,\uff08WASC\uff09*(3),\t\t\t", "\u56fd\u5bb6": "\t\t\t,\u7f8e\u56fd,\t\t\t", "\u5b66\u6821\u5206\u7c7b": "\t\t\t,\u5168\u56fd\u6027\u5927\u5b66,\t\t\t", "\u5b97\u6559\u4fe1\u4ef0": "\t\t\t,\u65e0,\t\t\t", "\u6c49\u8bd1": "\t\t\t,\u8981\u6709\u5149,\t\t\t", "title": "\u52a0\u5dde\u5927\u5b66\u4f2f\u514b\u5229\u5206\u6821 ", "num": 4, "\u5e08\u751f\u6bd4": "\t\t\t,1:17*(3),\t\t\t", "\u5b66\u751f\u4eba\u6570": "\t\t\t,38,204,\t\t\t", "\u6392\u540d": "\t\t\t,21*(3),\t\t\t", "\u6027\u8d28": "\t\t\t,\u516c\u7acb\uff0c\u7537\u5973\u5408\u6821,\t\t\t", "\u672c\u79d1\u751f\u4eba\u6570": "\t\t\t,27,496 *(5),\t\t\t", "\u56fd\u9645\u5b66\u751f\u6bd4\u4f8b": "\t\t\t,14.9 %*(7),\t\t\t", "\u5dde\u7701": "\t\t\t,\u52a0\u5229\u798f\u5c3c\u4e9a\u5dde,\t\t\t", "\u6821\u8bad": "\t\t\t,Fiat lux (Let there be light)*(1),\t\t\t"},
{"\u7f51\u5740": "\t\t\t,www.ox.ac.uk,\t\t\t", "\u6210\u7acb\u5e74\u4efd": "\t\t\t,\u786e\u5207\u5e74\u4efd\u4e0d\u53ef\u8003\uff0c\u6388\u8bfe\u8bb0\u5f55\u59cb\u81ea1096\u5e74*(1),\t\t\t", "\u57ce\u5e02": "\t\t\t,\u725b\u6d25,\t\t\t", "\u7814\u7a76\u751f\u4eba\u6570": "\t\t\t,\u5168\u65e5\u52367,515\uff1b\u975e\u5168\u65e5\u52361,735*(3),\t\t\t", "title": "\u725b\u6d25\u5927\u5b66 ", "\u5b66\u6821\u96c6\u56e2": "\t\t\t,\u7f57\u7d20\u5927\u5b66\u96c6\u56e2,\t\t\t,\u91d1\u4e09\u89d2\u540d\u6821,\t\t\t,G5\u8d85\u7ea7\u7cbe\u82f1\u5b66\u6821,\t\t\t,\u56fd\u9645\u7814\u7a76\u578b\u5927\u5b66\u8054\u76df,\t\t\t,\u6b27\u6d32\u7814\u7a76\u578b\u5927\u5b66\u8054\u76df,\t\t\t", "\u56fd\u5bb6": "\t\t\t,\u82f1\u56fd,\t\t\t", "\u5b66\u6821\u5206\u7c7b": "\t\t\t,\u7efc\u5408\u6027\u5927\u5b66,\t\t\t", "\u5b97\u6559\u4fe1\u4ef0": "\t\t\t,\u65e0,\t\t\t", "\u6c49\u8bd1": "\t\t\t,\u8036\u548c\u534e\u662f\u6211\u7684\u4eae\u5149\uff08\u8bed\u51fa\u300a\u5723\u7ecf\u300b\u8bd7\u7bc7\u7b2c27\u7ae0\uff09,\t\t\t", "\u5c31\u4e1a\u7387": "\t\t\t,\u672c\u79d1\uff1a91.6%\uff1b\u7814\u7a76\u751f\uff1a93.8%*(4),\t\t\t", "\u6821\u56ed": "\t\t\t,\u5e02\u533a*(1),\t\t\t", "num": 5, "\u5e08\u751f\u6bd4": "\t\t\t,1:2.2\u62161:4.0\uff08\u8ba1\u6216\u4e0d\u8ba1\u975e\u5b66\u672f\u6559\u5e08\uff09*(3),\t\t\t", "\u5b66\u751f\u4eba\u6570": "\t\t\t,25,905\uff08\u542b\u5168\u65e5\u5236\u4e0e\u975e\u5168\u65e5\u5236\uff09*(3),\t\t\t", "\u6392\u540d": "\t\t\t,QS\u4e16\u754c\uff1a2(6)\uff1bTimes\u56fd\u5185\uff1a1,\t\t\t", "\u6027\u8d28": "\t\t\t,\u516c\u7acb\uff0c\u7537\u5973\u5408\u6821,\t\t\t", "\u672c\u79d1\u751f\u4eba\u6570": "\t\t\t,\u5168\u65e5\u523611,380\uff1b\u975e\u5168\u65e5\u52365,275*(3),\t\t\t", "\u56fd\u9645\u5b66\u751f\u6bd4\u4f8b": "\t\t\t,\u672c\u79d1\uff1a12.3%\uff1b\u7814\u7a76\u751f\uff1a56.5%*(3),\t\t\t", "\u5dde\u7701": "\t\t\t,\u82f1\u683c\u5170,\t\t\t", "\u6821\u8bad": "\t\t\t,Dominus Illuminatio Mea (Latin)\uff1b\u82f1\u8bd1\uff1aThe Lord is my Light,\t\t\t"}
]